#alpha2_isocode, alpha3_isocode, expedio_name, display_name, state_required, zip_required
AF,AFG,AFGHANISTAN,Afghanistan,0,0
AX,ALA,AALAND ISLANDS,Aland Islands,0,1
DZ,DZA,ALGERIA,Algeria,0,1
AL,ALB,ALBANIA,Albania,0,0
AS,ASM,AMERICAN SAMOA,American Samoa,0,1
AD,AND,ANDORRA,Andorra,0,1
AO,AGO,ANGOLA,Angola,0,0
AI,AIA,ANGUILLA,Anguilla,0,1
AQ,ATA,ANTARCTICA,Antarctica,0,1
AG,ATG,ANTIGUA AND BARBUDA,Antigua and Barbuda,0,0
AR,ARG,ARGENTINA,Argentina,0,1
AM,ARM,ARMENIA,Armenia,0,0
AW,ABW,ARUBA,Aruba,0,0
AU,AUS,AUSTRALIA,Australia,1,1
AT,AUT,AUSTRIA,Austria,0,1
AZ,AZE,AZERBAIJAN,Azerbaijan,0,1
BS,BHS,BAHAMAS,Bahamas,0,0
BH,BHR,BAHRAIN,Bahrain,0,1
BD,BGD,BANGLADESH,Bangladesh,0,1
BB,BRB,BARBADOS,Barbados,0,1
BY,BLR,BELARUS,Belarus,0,1
BE,BEL,BELGIUM,Belgium,0,1
BZ,BLZ,BELIZE,Belize,0,0
BJ,BEN,BENIN,Benin,0,0
BM,BMU,BERMUDA,Bermuda,0,1
BT,BTN,BHUTAN,Bhutan,0,1
BO,BOL,BOLIVIA,Bolivia,0,0
BA,BIH,BOSNIA AND HERZEGOVINA,Bosnia and Herzegovina,0,1
BW,BWA,BOTSWANA,Botswana,0,0
BV,BVT,BOUVET ISLAND,Bouvet Island,0,1
BR,BRA,BRAZIL,Brazil,1,1
IO,IOT,BRITISH INDIAN OCEAN TERRITORY,British Indian Ocean Territory,0,0
BN,BRN,BRUNEI DARUSSALAM,Brunei Darussalam,0,1
BG,BGR,BULGARIA,Bulgaria,0,1
BF,BFA,BURKINA FASO,Burkina Faso,0,0
BI,BDI,BURUNDI,Burundi,0,0
KH,KHM,CAMBODIA,Cambodia,0,1
CM,CMR,CAMEROON,Cameroon,0,0
CA,CAN,CANADA,Canada,1,1
CV,CPV,CAPE VERDE,Cape Verde,0,1
KY,CYM,CAYMAN ISLANDS,Cayman Islands,0,1
CF,CAF,CENTRAL AFRICAN REPUBLIC,Central African Republic,0,0
TD,TCD,CHAD,Chad,0,0
CL,CHL,CHILE,Chile,0,1
CN,CHN,CHINA,China,1,1
CX,CXR,CHRISTMAS ISLAND,Christmas Island,0,1
CC,CCK,COCOS (KEELING) ISLANDS,Cocos (Keeling) Islands,0,1
CO,COL,COLOMBIA,Colombia,0,1
KM,COM,COMOROS,Comoros,0,0
CG,COG,CONGO,Congo,0,1
CD,COD,"CONGO, THE DEMOCRATIC REPUBLIC OF THE",Congo\, The Democratic Republic of The,0,0
CK,COK,COOK ISLANDS,Cook Islands,0,0
CR,CRI,COSTA RICA,Costa Rica,0,1
HR,HRV,CROATIA,Croatia,0,1
CU,CUB,CUBA,Cuba,0,1
CY,CYP,CYPRUS,Cyprus,0,1
CZ,CZE,CZECH REPUBLIC,Czech Republic,0,1
DK,DNK,DENMARK,Denmark,0,1
DJ,DJI,DJIBOUTI,Djibouti,0,0
DM,DMA,DOMINICA,Dominica,0,0
DO,DOM,DOMINICAN REPUBLIC,Dominican Republic,0,1
EC,ECU,ECUADOR,Ecuador,0,1
EG,EGY,EGYPT,Egypt,0,1
SV,SLV,EL SALVADOR,El Salvador,0,1
GQ,GNQ,EQUATORIAL GUINEA,Equatorial Guinea,0,0
ER,ERI,ERITREA,Eritrea,0,0
EE,EST,ESTONIA,Estonia,0,1
ET,ETH,ETHIOPIA,Ethiopia,0,1
FK,FLK,FALKLAND ISLANDS (MALVINAS),Falkland Islands (Malvinas),0,1
FO,FRO,FAROE ISLANDS,Faroe Islands,0,1
FJ,FJI,FIJI,Fiji,0,0
FI,FIN,FINLAND,Finland,0,1
FR,FRA,FRANCE,France,0,1
GF,GUF,FRENCH GUIANA,French Guiana,0,1
PF,PYF,FRENCH POLYNESIA,French Polynesia,0,1
TF,ATF,FRENCH SOUTHERN TERRITORIES,French Southern Territories,0,1
GA,GAB,GABON,Gabon,0,0
GM,GMB,GAMBIA,Gambia,0,0
GE,GEO,GEORGIA,Georgia,0,1
DE,DEU,GERMANY,Germany,0,1
GH,GHA,GHANA,Ghana,0,0
GI,GIB,GIBRALTAR,Gibraltar,0,1
GR,GRC,GREECE,Greece,0,1
GL,GRL,GREENLAND,Greenland,0,1
GD,GRD,GRENADA,Grenada,0,0
GP,GLP,GUADELOUPE,Guadeloupe,0,1
GU,GUM,GUAM,Guam,0,1
GT,GTM,GUATEMALA,Guatemala,0,1
GG,GGY,GUERNSEY,Guernsey,0,1
GN,GIN,GUINEA,Guinea,0,1
GW,GNB,GUINEA-BISAU,Guinea-Bissau,0,1
GY,GUY,GUYANA,Guyana,0,0
HT,HTI,HAITI,Haiti,0,1
HM,HMD,HEARD AND MC DONALD ISLANDS,Heard Island and McDonald Islands,0,0
VA,VAT,HOLY SEE (VATICAN CITY STATE),Holy See (Vatican City State),0,1
HN,HND,HONDURAS,Honduras,0,1
HK,HKG,HONG KONG,Hong Kong,0,0
HU,HUN,HUNGARY,Hungary,0,1
IS,ISL,ICELAND,Iceland,0,1
ID,IDN,INDONESIA,Indonesia,0,1
IR,IRN,"IRAN, ISLAMIC REPUBLIC OF","Iran, Islamic Republic of",0,1
IQ,IRQ,IRAQ,Iraq,0,1
IE,IRL,IRELAND,Ireland,0,0
IM,IMN,ISLE OF MAN,Isle of Man,0,1
IL,ISR,ISRAEL,Israel,0,1
IT,ITA,ITALY,Italy,0,1
JM,JAM,JAMAICA,Jamaica,0,1
JP,JPN,JAPAN,Japan,1,1
JE,JEY,JERSEY,Jersey,0,1
JO,JOR,JORDAN,Jordan,0,1
KZ,KAZ,KAZAKHSTAN,Kazakhstan,0,1
KE,KEN,KENYA,Kenya,0,1
KI,KIR,KIRIBATI,Kiribati,0,0
KP,PRK,"KOREA, DEMOCRATIC PEOPLES REPUBLIC OF","Korea, Democratic People's Republic of",0,1
KR,KOR,"KOREA, REPUBLIC OF","Korea, Republic of",0,1
KW,KWT,KUWAIT,Kuwait,0,1
KG,KGZ,KYRGYZSTAN,Kyrgyzstan,0,1
LA,LAO,LAO PEOPLES DEMOCRATIC REPUBLIC,Lao People's Democratic Republic,0,1
LV,LVA,LATVIA,Latvia,0,1
LB,LBN,LEBANON,Lebanon,0,1
LS,LSO,LESOTHO,Lesotho,0,1
LR,LBR,LIBERIA,Liberia,0,1
LY,LBY,LIBYAN ARAB JAMAHIRIYA,Libyan Arab Jamahiriya,0,1
LI,LIE,LIECHTENSTEIN,Liechtenstein,0,1
LT,LTU,LITHUANIA,Lithuania,0,1
LU,LUX,LUXEMBOURG,Luxembourg,0,1
MO,MAC,MACAU,Macao,0,0
MK,MKD,MACEDONIA,Macedonia,0,1
MG,MDG,MADAGASCAR,Madagascar,0,1
MW,MWI,MALAWI,Malawi,0,0
MY,MYS,MALAYSIA,Malaysia,0,1
MV,MDV,MALDIVES,Maldives,0,1
ML,MLI,MALI,Mali,0,0
MT,MLT,MALTA,Malta,0,1
MH,MHL,MARSHALL ISLANDS,Marshall Islands,0,1
MQ,MTQ,MARTINIQUE,Martinique,0,1
MR,MRT,MAURITANIA,Mauritania,0,0
MU,MUS,MAURITIUS,Mauritius,0,1
YT,MYT,MAYOTTE,Mayotte,0,1
MX,MEX,MEXICO,Mexico,0,1
FM,FSM,"MICRONESIA, FEDERATED STATES OF","Micronesia, Federated States of",0,1
MD,MDA,"MOLDOVA, REPUBLIC OF","Moldova, Republic of",0,1
MC,MCO,MONACO,Monaco,0,1
MN,MNG,MONGOLIA,Mongolia,0,1
MS,MSR,MONTSERRAT,Montserrat,0,0
MA,MAR,MOROCCO,Morocco,0,1
MZ,MOZ,MOZAMBIQUE,Mozambique,0,1
MM,MMR,MYANMAR,Myanmar,0,1
NA,NAM,NAMIBIA,Namibia,0,0
NR,NRU,NAURU,Nauru,0,0
NP,NPL,NEPAL,Nepal,0,1
NL,NLD,NETHERLANDS,Netherlands,0,1
AN,ANT,NETHERLANDS ANTILLES,Netherlands Antilles,0,0
NC,NCL,NEW CALEDONIA,New Caledonia,0,1
NZ,NZL,NEW ZEALAND,New Zealand,0,1
NI,NIC,NICARAGUA,Nicaragua,0,1
NE,NER,NIGER,Niger,0,1
NG,NGA,NIGERIA,Nigeria,0,1
NU,NIU,NIUE,Niue,0,0
NF,NFK,NORFOLK ISLAND,Norfolk Island,0,1
MP,MNP,NORTHERN MARIANA ISLANDS,Northern Mariana Islands,0,1
NO,NOR,NORWAY,Norway,0,1
OM,OMN,OMAN,Oman,0,1
PK,PAK,PAKISTAN,Pakistan,0,1
PW,PLW,PALAU,Palau,0,1
PS,PSE,UNKNOWN,Palestinian Territory\, Occupied,0,1
PA,PAN,PANAMA,Panama,0,1
PG,PNG,PAPUA NEW GUINEA,Papua New Guinea,0,1
PY,PRY,PARAGUAY,Paraguay,0,1
PE,PER,PERU,Peru,0,1
PH,PHL,PHILIPPINES,Philippines,0,1
PN,PCN,PITCAIRN,Pitcairn,0,0
PL,POL,POLAND,Poland,0,1
PT,PRT,PORTUGAL,Portugal,0,1
PR,PRI,PUERTO RICO,Puerto Rico,0,1
QA,QAT,QATAR,Qatar,0,0
RE,REU,REUNION,Reunion,0,1
RO,ROU,ROMANIA,Romania,0,1
RU,RUS,RUSSIAN FEDERATION,Russian Federation,0,1
RW,RWA,RWANDA,Rwanda,0,0
SH,SHN,SAINT HELENA,Saint Helena,0,1
KN,KNA,SAINT KITTS AND NEVIS,Saint Kitts and Nevis,0,0
LC,LCA,SAINT LUCIA,Saint Lucia,0,0
PM,SPM,SAINT PIERRE AND MIQUELON,Saint Pierre and Miquelon,0,1
VC,VCT,SAINT VINCENT AND THE GRENADINES,Saint Vincent and The Grenadines,0,1
WS,WSM,SAMOA,Samoa,0,0
SM,SMR,SAN MARINO,San Marino,0,1
ST,STP,SAO TOME AND PRINCIPE,Sao Tome and Principe,0,0
SA,SAU,SAUDI ARABIA,Saudi Arabia,0,1
SN,SEN,SENEGAL,Senegal,0,1
SC,SYC,SEYCHELLES,Seychelles,0,0
SL,SLE,SIERRA LEONE,Sierra Leone,0,0
SG,SGP,SINGAPORE,Singapore,0,1
SK,SVK,SLOVAKIA,Slovakia,0,1
SI,SVN,SLOVENIA,Slovenia,0,1
SB,SLB,SOLOMON ISLANDS,Solomon Islands,0,0
SO,SOM,SOMALIA,Somalia,0,1
ZA,ZAF,SOUTH AFRICA,South Africa,0,1
GS,SGS,SOUTH GEORGIA AND THE SOUTH SANDWICH ISLANDS,South Georgia & South Sandwich Islands,0,0
ES,ESP,SPAIN,Spain,0,1
LK,LKA,SRI LANKA,Sri Lanka,0,1
SD,SDN,SUDAN,Sudan,0,1
SR,SUR,SURINAME,Suriname,0,0
SJ,SJM,SVALBARD AND JAN MAYEN ISLANDS,Svalbard and Jan Mayen,0,1
SZ,SWZ,SWAZILAND,Swaziland,0,1
SE,SWE,SWEDEN,Sweden,0,1
CH,CHE,SWITZERLAND,Switzerland,0,1
SY,SYR,SYRIAN ARAB REPUBLIC,Syrian Arab Republic,0,0
TW,TWN,TAIWAN\, PROVINCE OF CHINA,Taiwan\, Province of China,0,1
TJ,TJK,TAJIKISTAN,Tajikistan,0,1
TZ,TZA,TANZANIA, UNITED REPUBLIC OF\,Tanzania, United Republic of,0,0
TH,THA,THAILAND,Thailand,0,1
TL,TLS,TIMOR-LESTE,Timor-Leste,0,1
TG,TGO,TOGO,Togo,0,0
TK,TKL,TOKELAU,Tokelau,0,0
TO,TON,TONGA,Tonga,0,0
TT,TTO,TRINIDAD AND TOBAGO,Trinidad and Tobago,0,0
TN,TUN,TUNISIA,Tunisia,0,1
TR,TUR,TURKEY,Turkey,0,1
TM,TKM,TURKMENISTAN,Turkmenistan,0,1
TC,TCA,TURKS AND CAICOS ISLANDS,Turks and Caicos Islands,0,1
TV,TUV,TUVALU,Tuvalu,0,0
UG,UGA,UGANDA,Uganda,0,0
UA,UKR,UKRAINE,Ukraine,0,1
AE,ARE,UNITED ARAB EMIRATES,United Arab Emirates,0,0
GB,GBR,UNITED KINGDOM,United Kingdom,0,1
UM,UMI,UNITED STATES MINOR OUTLYING ISLANDS,United States Minor Outlying Islands,0,1
UY,URY,URUGUAY,Uruguay,0,1
UZ,UZB,UZBEKISTAN,Uzbekistan,0,1
VU,VUT,VANUATU,Vanuatu,0,0
VE,VEN,VENEZUELA,Venezuela,0,1
VN,VNM,VIET NAM,Viet Nam,0,0
VG,VGB,VIRGIN ISLANDS, BRITISH,Virgin Islands, British,0,1
VI,VIR,VIRGIN ISLANDS, U.S.,Virgin Islands, U.S.,0,1
WF,WLF,WALLIS AND FUTUNA ISLANDS,Wallis and Futuna,0,1
EH,ESH,WESTERN SAHARA,Western Sahara,0,1
YE,YEM,YEMEN,Yemen,0,0
ZM,ZMB,ZAMBIA,Zambia,0,1
ZW,ZWE,ZIMBABWE,Zimbabwe,0,0
US,USA,UNITED STATES,United States,1,1
ME,MNE,MONTENEGRO,Montenegro,0,1
RS,SRB,SERBIA,Serbia,0,1
IN,IND,INDIA,India,1,1
CI,CIV,COTE DIVOIRE,Cote d'Ivoire,0,1
BQ,BES,BONAIRE, SINT EUSTATIUS AND SABA,Bonaire\, Sint Eustatius And Saba,0,0
CW,CUW,CURACAO,Curacao,0,0
BL,BLM,SAINT BARTHELEMY,Saint Barthelemy,0,0
MF,MAF,SAINT MARTIN (FRENCH PART),Saint Martin (French Part),0,0
SX,SXM,SINT MAARTEN (DUTCH PART),Sint Maarten (Dutch Part),0,0